--ROLES
INSERT INTO TBL_ROLE VALUES(1, 'ADMIN');
INSERT INTO TBL_ROLE VALUES(2, 'COMUN');
INSERT INTO TBL_ROLE VALUES(3, 'SECRETARIA');
INSERT INTO TBL_ROLE VALUES(4, 'PROFISSIONAL');

--USUARIOS
INSERT INTO TBL_USUARIO VALUES(1, 'Administrador', 'andre', '518509974', 'admin@gmail.com', md5('admin'), 'S');
INSERT INTO TBL_USUARIO VALUES(2, 'Recepcionista', 'recepcionista', '518509974', 'recepcionista@gmail.com', md5('123456'), 'S');
INSERT INTO TBL_USUARIO VALUES(3, 'Andre Nunes', 'andre', '518509974', 'andre@gmail.com', md5('123456'), 'N');
INSERT INTO TBL_USUARIO VALUES(4, 'Fernando', 'fernando', '518509974', 'fernando@gmail.com', md5('123456'), 'N');
INSERT INTO TBL_USUARIO VALUES(5, 'Aline', 'fernando', '518509974', 'aline@gmail.com', md5('123456'), 'N');
INSERT INTO TBL_USUARIO VALUES(6, 'Livia', 'fernando', '518509974', 'livia@gmail.com', md5('123456'), 'N');
INSERT INTO TBL_USUARIO VALUES(7, 'Paulo', 'fernando', '518509974', 'paulo@gmail.com', md5('123456'), 'N');
INSERT INTO TBL_USUARIO VALUES(8, 'Marcio', 'fernando', '518509974', 'marcio@gmail.com', md5('123456'), 'N');

--USUARIO ROLES
INSERT INTO TBL_USUARIO_ROLE VALUES(1, 1);
INSERT INTO TBL_USUARIO_ROLE VALUES(2, 2);
INSERT INTO TBL_USUARIO_ROLE VALUES(2, 3);
INSERT INTO TBL_USUARIO_ROLE VALUES(3, 4);

--CLINICA
INSERT INTO TBL_CLINICA(ID, STR_NOME, NUM_CNPJ, BOO_ATIVO) VALUES(1, 'Clínica Odontologica Porto Alegre', 31640886000161, TRUE);
INSERT INTO TBL_CLINICA(ID, STR_NOME, NUM_CNPJ, BOO_ATIVO) VALUES(2, 'Clínica Sorriso Fácil', 63878725000105, TRUE);

--CLINICA USUARIO
INSERT INTO TBL_USUARIO_CLINICA(FK_USUARIO, FK_CLINICA) values (1, 1);
INSERT INTO TBL_USUARIO_CLINICA(FK_USUARIO, FK_CLINICA) values (1, 2);
INSERT INTO TBL_USUARIO_CLINICA(FK_USUARIO, FK_CLINICA) values (2, 1);
INSERT INTO TBL_USUARIO_CLINICA(FK_USUARIO, FK_CLINICA) values (2, 2);
INSERT INTO TBL_USUARIO_CLINICA(FK_USUARIO, FK_CLINICA) values (3, 2);
INSERT INTO TBL_USUARIO_CLINICA(FK_USUARIO, FK_CLINICA) values (4, 1);
INSERT INTO TBL_USUARIO_CLINICA(FK_USUARIO, FK_CLINICA) values (4, 2);
INSERT INTO TBL_USUARIO_CLINICA(FK_USUARIO, FK_CLINICA) values (5, 1);
INSERT INTO TBL_USUARIO_CLINICA(FK_USUARIO, FK_CLINICA) values (6, 1);
INSERT INTO TBL_USUARIO_CLINICA(FK_USUARIO, FK_CLINICA) values (7, 2);
INSERT INTO TBL_USUARIO_CLINICA(FK_USUARIO, FK_CLINICA) values (8, 2);

