--STATUS
INSERT INTO TBL_STATUS(ID, STR_NOME, STR_COR) VALUES(1,'Aberto', '#EA4220');
INSERT INTO TBL_STATUS(ID, STR_NOME, STR_COR) VALUES(2,'Concluido', '#76C07E');
INSERT INTO TBL_STATUS(ID, STR_NOME, STR_COR) VALUES(3,'Cancelado', '#EEF9F0');

--USUARIO_CLINICA
INSERT INTO TBL_USUARIO_CLINICA(ID,STR_EMAIL, STR_HASH_KEY, STR_TIPO_PROFISSIONAL) VALUES(1, 'admin@gmail.com', MD5('admin@gmail.comadmin'),'RECEPCIONISTA');

--CONTATOS
INSERT INTO TBL_CONTATO(ID, STR_EMAIL) VALUES('1','TESTE@GMAIL.COM.BR');

--CEP
INSERT INTO TBL_CEP(ID, STR_CEP) VALUES('1','88960000');

--SIGLA
INSERT INTO TBL_SIGLA(ID, STR_SIGLA) VALUES(1, 'AC');
INSERT INTO TBL_SIGLA(ID, STR_SIGLA) VALUES(2, 'AL');
INSERT INTO TBL_SIGLA(ID, STR_SIGLA) VALUES(3, 'AP');
INSERT INTO TBL_SIGLA(ID, STR_SIGLA) VALUES(4, 'AM');
INSERT INTO TBL_SIGLA(ID, STR_SIGLA) VALUES(5, 'BA');
INSERT INTO TBL_SIGLA(ID, STR_SIGLA) VALUES(6, 'CE');
INSERT INTO TBL_SIGLA(ID, STR_SIGLA) VALUES(7, 'DF');
INSERT INTO TBL_SIGLA(ID, STR_SIGLA) VALUES(8, 'ES');
INSERT INTO TBL_SIGLA(ID, STR_SIGLA) VALUES(9, 'GO');
INSERT INTO TBL_SIGLA(ID, STR_SIGLA) VALUES(10, 'MA');
INSERT INTO TBL_SIGLA(ID, STR_SIGLA) VALUES(11, 'MT');
INSERT INTO TBL_SIGLA(ID, STR_SIGLA) VALUES(12, 'MS');
INSERT INTO TBL_SIGLA(ID, STR_SIGLA) VALUES(13, 'MG');
INSERT INTO TBL_SIGLA(ID, STR_SIGLA) VALUES(14, 'PA');
INSERT INTO TBL_SIGLA(ID, STR_SIGLA) VALUES(15, 'PB');
INSERT INTO TBL_SIGLA(ID, STR_SIGLA) VALUES(16, 'PR');
INSERT INTO TBL_SIGLA(ID, STR_SIGLA) VALUES(17, 'PE');
INSERT INTO TBL_SIGLA(ID, STR_SIGLA) VALUES(18, 'PI');
INSERT INTO TBL_SIGLA(ID, STR_SIGLA) VALUES(19, 'RJ');
INSERT INTO TBL_SIGLA(ID, STR_SIGLA) VALUES(20, 'RN');
INSERT INTO TBL_SIGLA(ID, STR_SIGLA) VALUES(21, 'RS');
INSERT INTO TBL_SIGLA(ID, STR_SIGLA) VALUES(22, 'RO');
INSERT INTO TBL_SIGLA(ID, STR_SIGLA) VALUES(23, 'RR');
INSERT INTO TBL_SIGLA(ID, STR_SIGLA) VALUES(24, 'SC');
INSERT INTO TBL_SIGLA(ID, STR_SIGLA) VALUES(25, 'SP');
INSERT INTO TBL_SIGLA(ID, STR_SIGLA) VALUES(26, 'SE');
INSERT INTO TBL_SIGLA(ID, STR_SIGLA) VALUES(27, 'TO');

--BAIRRO
INSERT INTO TBL_BAIRRO(ID, STR_NOME) VALUES(1, 'CENTRO');

--ESTADO
INSERT INTO TBL_ESTADO(ID, STR_NOME, FK_SIGLA) VALUES(1, 'ACRE', 1);
INSERT INTO TBL_ESTADO(ID, STR_NOME, FK_SIGLA) VALUES(2, 'ALAGOAS', 2);
INSERT INTO TBL_ESTADO(ID, STR_NOME, FK_SIGLA) VALUES(3, 'AMAPA', 3);
INSERT INTO TBL_ESTADO(ID, STR_NOME, FK_SIGLA) VALUES(4, 'AMAZONAS', 4);
INSERT INTO TBL_ESTADO(ID, STR_NOME, FK_SIGLA) VALUES(5, 'BAHIA', 5);
INSERT INTO TBL_ESTADO(ID, STR_NOME, FK_SIGLA) VALUES(6, 'CEARA', 6);
INSERT INTO TBL_ESTADO(ID, STR_NOME, FK_SIGLA) VALUES(7, 'DISTRITO FEDERAL', 7);
INSERT INTO TBL_ESTADO(ID, STR_NOME, FK_SIGLA) VALUES(8, 'ESPIRITO SANTO', 8);
INSERT INTO TBL_ESTADO(ID, STR_NOME, FK_SIGLA) VALUES(9, 'GOIAS', 9);
INSERT INTO TBL_ESTADO(ID, STR_NOME, FK_SIGLA) VALUES(10, 'MARANHAO', 10);
INSERT INTO TBL_ESTADO(ID, STR_NOME, FK_SIGLA) VALUES(11, 'MATO GROSSO', 11);
INSERT INTO TBL_ESTADO(ID, STR_NOME, FK_SIGLA) VALUES(12, 'MATO GROSSO DO SUL', 12);
INSERT INTO TBL_ESTADO(ID, STR_NOME, FK_SIGLA) VALUES(13, 'MINAS GERAIS', 13);
INSERT INTO TBL_ESTADO(ID, STR_NOME, FK_SIGLA) VALUES(14, 'PARA', 14);
INSERT INTO TBL_ESTADO(ID, STR_NOME, FK_SIGLA) VALUES(15, 'PARAIBA', 15);
INSERT INTO TBL_ESTADO(ID, STR_NOME, FK_SIGLA) VALUES(16, 'PARANA', 16);
INSERT INTO TBL_ESTADO(ID, STR_NOME, FK_SIGLA) VALUES(17, 'PERNAMBUCO', 17);
INSERT INTO TBL_ESTADO(ID, STR_NOME, FK_SIGLA) VALUES(18, 'PIAUI', 18);
INSERT INTO TBL_ESTADO(ID, STR_NOME, FK_SIGLA) VALUES(19, 'RIO DE JANEIRO', 19);
INSERT INTO TBL_ESTADO(ID, STR_NOME, FK_SIGLA) VALUES(20, 'RIO GRANDE DO NORTE', 20);
INSERT INTO TBL_ESTADO(ID, STR_NOME, FK_SIGLA) VALUES(21, 'RIO GRANDE DO SUL', 21);
INSERT INTO TBL_ESTADO(ID, STR_NOME, FK_SIGLA) VALUES(22, 'RONDONIA', 22);
INSERT INTO TBL_ESTADO(ID, STR_NOME, FK_SIGLA) VALUES(23, 'RORAIMA', 23);
INSERT INTO TBL_ESTADO(ID, STR_NOME, FK_SIGLA) VALUES(24, 'SANTA CATARINA', 24);
INSERT INTO TBL_ESTADO(ID, STR_NOME, FK_SIGLA) VALUES(25, 'SAO PAULO', 25);
INSERT INTO TBL_ESTADO(ID, STR_NOME, FK_SIGLA) VALUES(26, 'SERGIPE', 26);
INSERT INTO TBL_ESTADO(ID, STR_NOME, FK_SIGLA) VALUES(27, 'TOCANTINS', 27);

--CIDADE
INSERT INTO TBL_CIDADE(ID, STR_NOME, FK_ESTADO) VALUES(1, 'SOMBRIO', 1);

--ENDERECO
INSERT INTO TBL_ENDERECO(ID, STR_ENDERECO, STR_PONTO_REFERENCIA, STR_COMPLEMENTO, NUM_NUMERO, FK_CEP, FK_CIDADE, FK_BAIRRO) VALUES(1, 'AV. NEREU RAMOS', 'NENHUM', 'NENHUM', 1300, 1, 1, 1);

--CONVENIO

--TIPO CONSULTA
INSERT INTO TBL_TIPO_CONSULTA(ID, STR_NOME, STR_COR_PRIMARIA, STR_COR_SECUNDARIA) VALUES(1, 'ORÇAMENTO', '#1774F0', '#ddecff');
INSERT INTO TBL_TIPO_CONSULTA(ID, STR_NOME, STR_COR_PRIMARIA, STR_COR_SECUNDARIA) VALUES(2, 'LIMPEZA', '#ea4220', '#fcd8d1');
INSERT INTO TBL_TIPO_CONSULTA(ID, STR_NOME, STR_COR_PRIMARIA, STR_COR_SECUNDARIA) VALUES(3, 'AVALIAÇÃO', '#76C07E', '#EEF9F0');

--PACIENTE

--PACIENTE_CONVENIO

--TELEFONE

--AGENDA

--EVENTO

